title,price,sold_date,category
SAMPLE Vintage Levi's Type III denim trucker jacket,58,2026-09-12,outerwear
SAMPLE Levi's denim jacket faded blue size M,48,2026-09-03,outerwear
SAMPLE 90s Levi's denim jacket with sherpa collar,65,2026-08-21,outerwear
SAMPLE Wrangler denim chore jacket,42,2026-08-30,outerwear
SAMPLE Carhartt detroit jacket brown duck canvas,95,2026-09-18,outerwear
SAMPLE Ray-Ban Wayfarer sunglasses black,55,2026-09-10,accessories
SAMPLE Vintage aviator sunglasses gold frame,28,2026-08-15,accessories
SAMPLE Coach leather crossbody bag brown,72,2026-09-05,bags
SAMPLE Vintage Coach shoulder bag black leather,88,2026-08-27,bags
SAMPLE Nike Air Max 90 sneakers white size 9,60,2026-09-14,shoes
SAMPLE Dr. Martens 1460 boots black size 8,70,2026-09-01,shoes
SAMPLE 80s band graphic tee single stitch,38,2026-09-08,tops
